{"broj leta":{"0":360,"1":364,"2":808,"3":516,"4":512,"5":100,"6":104,"7":520,"8":524,"9":580,"10":584,"11":350,"12":354,"13":602,"14":604,"15":600,"16":300,"17":304,"18":150,"19":152,"20":154,"21":146,"22":142,"23":374,"24":242,"25":334,"26":806,"27":802,"28":876,"29":404,"30":636,"31":638,"32":886,"33":882,"34":490,"35":190,"36":194,"37":380,"38":386,"39":572,"40":570,"41":576,"42":540,"43":650,"44":652,"45":654,"46":658,"47":656,"48":1106,"49":1104,"50":500,"51":454,"52":310,"53":314,"54":316,"55":170,"56":172,"57":174,"58":614,"59":610,"60":534,"61":624,"62":620,"63":674,"64":112,"65":166,"66":162,"67":122,"68":126,"69":522,"70":526,"71":678,"72":252,"73":410,"74":812,"75":816,"76":212,"77":216,"78":180,"79":184,"80":182,"81":702,"82":136,"83":560,"84":564,"85":230,"86":234,"87":506,"88":340,"89":344},"tip aviona":{"0":"AIRBUS A 320","1":"AIRBUS A 319","2":"AIRBUS A 319","3":"AIRBUS A 319","4":"AIRBUS A 320","5":"ATR 72-600","6":"ATR 72-600","7":"ATR 72-600","8":"ATR 72-600","9":"AIRBUS A 320","10":"AIRBUS A 320","11":"AIRBUS A 319","12":"AIRBUS A 319","13":"ATR 72-600","14":"ATR 72-600","15":"ATR 72-600","16":"AIRBUS A 319","17":"AIRBUS A 320","18":"ATR 72-600","19":"ATR 72-600","20":"ATR 72-600","21":"ATR 72-600","22":"AIRBUS A 319","23":"AIRBUS A 320","24":"ATR 72-600","25":"AIRBUS A 319","26":"AIRBUS A 319","27":"AIRBUS A 320","28":"AIRBUS A 319","29":"AIRBUS A 320","30":"ATR 72-600","31":"ATR 72-600","32":"AIRBUS A 319","33":"AIRBUS A 320","34":"AIRBUS A 320","35":"ATR 72-600","36":"ATR 72-600","37":"AIRBUS A 319","38":"AIRBUS A 319","39":"AIRBUS A 320","40":"AIRBUS A 320","41":"AIRBUS A 319","42":"AIRBUS A 319","43":"AIRBUS A 319","44":"AIRBUS A 320","45":"AIRBUS A 319","46":"AIRBUS A 319","47":"AIRBUS A 320","48":"AIRBUS A 319","49":"ATR 72-600","50":"AIRBUS A 330-200","51":"AIRBUS A 319","52":"AIRBUS A 320","53":"AIRBUS A 319","54":"AIRBUS A 319","55":"ATR 72-600","56":"AIRBUS A 320","57":"ATR 72-600","58":"ATR 72-600","59":"ATR 72-600","60":"AIRBUS A 320","61":"ATR 72-600","62":"ATR 72-600","63":"AIRBUS A 319","64":"ATR 72-600","65":"ATR 72-600","66":"ATR 72-600","67":"ATR 72-600","68":"ATR 72-600","69":"ATR 72-600","70":"ATR 72-600","71":"AIRBUS A 319","72":"ATR 72-600","73":"AIRBUS A 319","74":"AIRBUS A 319","75":"AIRBUS A 319","76":"ATR 72-600","77":"ATR 72-600","78":"ATR 72-600","79":"AIRBUS A 319","80":"ATR 72-600","81":"AIRBUS A 330-200","82":"ATR 72-600","83":"ATR 72-600","84":"ATR 72-600","85":"ATR 72-600","86":"ATR 72-600","87":"AIRBUS A 330-200","88":"AIRBUS A 319","89":"AIRBUS A 319"},"destinacija":{"0":"Amsterdam","1":"Amsterdam","2":"Ankara","3":"Atina","4":"Atina","5":"Banja Luka","6":"Banja Luka","7":"Bari","8":"Bari","9":"Barselona","10":"Barselona","11":"Berlin","12":"Berlin","13":"Be\u010d","14":"Be\u010d","15":"Be\u010d","16":"Brisel","17":"Brisel","18":"Budimpe\u0161ta","19":"Budimpe\u0161ta","20":"Budimpe\u0161ta","21":"Bukure\u0161t","22":"Bukure\u0161t","23":"Cirih","24":"Dubrovnik","25":"Frankfurt","26":"Istanbul","27":"Istanbul","28":"Kairo","29":"Kopenhagen","30":"Krakov","31":"Krakov","32":"Larnaka","33":"Larnaka","34":"Lisabon","35":"Ljubljana","36":"Ljubljana","37":"London","38":"London","39":"Madrid","40":"Madrid","41":"Malaga","42":"Milano","43":"Moskva","44":"Moskva","45":"Moskva","46":"Moskva","47":"Moskva","48":"Ni\u0161","49":"Ni\u0161","50":"Njujork","51":"Oslo","52":"Pariz","53":"Pariz","54":"Pariz","55":"Podgorica","56":"Podgorica","57":"Podgorica","58":"Prag","59":"Prag","60":"Rim","61":"Salcburg","62":"Salcburg","63":"Sankt Peterburg","64":"Sarajevo","65":"Skoplje","66":"Skoplje","67":"Sofija","68":"Sofija","69":"Solun","70":"Solun","71":"So\u010di","72":"Split","73":"Stokholm","74":"Tel Aviv","75":"Tel Aviv","76":"Tirana","77":"Tirana","78":"Tivat","79":"Tivat","80":"Tivat","81":"Tjen\u0111in","82":"Varna","83":"Venecija","84":"Venecija","85":"Zagreb","86":"Zagreb","87":"\u010cikago","88":"\u0160tutgart","89":"\u0160tutgart"},"naziv aerodroma":{"0":" Schiphol","1":" Schiphol","2":"Esenboga Airport","3":"Elefterios Venizelos","4":"Elefterios Venizelos","5":"Banja Luka","6":"Banja Luka","7":"Paleze","8":"Paleze","9":"Barselona","10":"Barselona","11":"Brandenburg Airport","12":"Brandenburg Airport","13":"Schwechat","14":"Schwechat","15":"Schwechat","16":"Brussels Airport","17":"Brussels Airport","18":"Ferenc Liszt","19":"Ferenc Liszt","20":"Ferenc Liszt","21":"Henri Koanda","22":"Henri Koanda","23":"Zurich Airport","24":"Zra\u010dna luka Dubrovnik","25":"Frankfurt Airport","26":"Istanbul Airport","27":"Istanbul Airport","28":"Cairo Airport","29":"Kastrup","30":"Jana Paw\u0142a II Krak\u00f3w\u2013Balice","31":"Jana Paw\u0142a II Krak\u00f3w\u2013Balice","32":"Larnaca Airport","33":"Larnaca Airport","34":"Humberto Delgado","35":"Jo\u017ee Pu\u010dnik","36":"Jo\u017ee Pu\u010dnik","37":"Heathrow","38":"Heathrow","39":"Madrid\u2013Barajas","40":"Madrid\u2013Barajas","41":"Malaga Airport","42":"Malpensa Airport","43":"Sheremetyevo","44":"Sheremetyevo","45":"Sheremetyevo","46":"Sheremetyevo","47":"Sheremetyevo","48":"Konstantin Veliki","49":"Konstantin Veliki","50":"John F. Kennedy","51":"Gardermoen","52":"Charles de Gaulle","53":"Charles de Gaulle","54":"Charles de Gaulle","55":"Podgorica","56":"Podgorica","57":"Podgorica","58":"Vaclav Havel","59":"Vaclav Havel","60":"Fiumicino","61":"Volfgang Amadeus Mocart","62":"Volfgang Amadeus Mocart","63":"Pulkovo","64":"Butmir","65":"Skopje International Airport","66":"Skopje International Airport","67":"Sofia Airport","68":"Sofia Airport","69":"Makedonia","70":"Makedonia","71":"Sochi Airport","72":"Split","73":"Arlanda","74":"Ben Gurion","75":"Ben Gurion","76":"N\u00ebn\u00eb Tereza","77":"N\u00ebn\u00eb Tereza","78":"Tivat","79":"Tivat","80":"Tivat","81":"Binhai","82":"Varna Airport","83":"Marco Polo","84":"Marco Polo","85":"Pleso","86":"Pleso","87":"O'Hare Airport","88":"Stuttgart Airport","89":"Stuttgart Airport"},"polazak":{"0":"06:40:00","1":"17:10:00","2":"00:30:00","3":"00:45:00","4":"12:25:00","5":"10:20:00","6":"17:00:00","7":"07:15:00","8":"18:10:00","9":"06:30:00","10":"17:10:00","11":"07:10:00","12":"18:05:00","13":"12:35:00","14":"18:35:00","15":"07:45:00","16":"06:45:00","17":"18:05:00","18":"06:15:00","19":"13:30:00","20":"20:30:00","21":"00:40:00","22":"12:45:00","23":"18:00:00","24":"13:20:00","25":"17:30:00","26":"00:40:00","27":"13:10:00","28":"23:20:00","29":"17:15:00","30":"06:30:00","31":"17:50:00","32":"23:55:00","33":"13:20:00","34":"13:15:00","35":"07:30:00","36":"18:35:00","37":"10:25:00","38":"16:05:00","39":"14:20:00","40":"06:30:00","41":"13:25:00","42":"07:20:00","43":"06:00:00","44":"13:45:00","45":"21:45:00","46":"20:30:00","47":"22:10:00","48":"00:40:00","49":"17:00:00","50":"07:50:00","51":"17:20:00","52":"06:40:00","53":"17:05:00","54":"18:30:00","55":"06:50:00","56":"13:45:00","57":"20:00:00","58":"17:55:00","59":"06:50:00","60":"18:05:00","61":"18:05:00","62":"07:00:00","63":"21:50:00","64":"13:35:00","65":"00:45:00","66":"13:25:00","67":"13:30:00","68":"00:40:00","69":"12:45:00","70":"00:40:00","71":"23:40:00","72":"13:20:00","73":"06:40:00","74":"13:30:00","75":"00:30:00","76":"13:20:00","77":"00:35:00","78":"10:10:00","79":"16:25:00","80":"13:40:00","81":"15:05:00","82":"00:35:00","83":"07:05:00","84":"18:10:00","85":"07:00:00","86":"17:00:00","87":"17:50:00","88":"07:00:00","89":"18:20:00"},"trajanje leta":{"0":9000000,"1":9000000,"2":6900000,"3":5400000,"4":5400000,"5":3300000,"6":3300000,"7":6000000,"8":6000000,"9":9600000,"10":9600000,"11":6900000,"12":6900000,"13":4200000,"14":4200000,"15":4200000,"16":8400000,"17":8400000,"18":4500000,"19":4500000,"20":4500000,"21":5100000,"22":3900000,"23":6900000,"24":4200000,"25":7500000,"26":6000000,"27":6000000,"28":10500000,"29":8400000,"30":7200000,"31":7200000,"32":8700000,"33":8700000,"34":14400000,"35":5100000,"36":5100000,"37":11100000,"38":11100000,"39":11700000,"40":11700000,"41":12900000,"42":6300000,"43":11400000,"44":11400000,"45":11400000,"46":11400000,"47":11400000,"48":2400000,"49":3300000,"50":36000000,"51":10500000,"52":9300000,"53":9300000,"54":9300000,"55":3600000,"56":3000000,"57":3600000,"58":7800000,"59":7800000,"60":5700000,"61":7200000,"62":7200000,"63":9900000,"64":3000000,"65":4200000,"66":4200000,"67":4200000,"68":4200000,"69":5400000,"70":5400000,"71":9300000,"72":4500000,"73":9600000,"74":10200000,"75":10200000,"76":4500000,"77":4500000,"78":3900000,"79":3300000,"80":3900000,"81":35400000,"82":6600000,"83":6900000,"84":6900000,"85":4500000,"86":4500000,"87":37800000,"88":6300000,"89":6300000},"osnovna cena karte":{"0":17259,"1":17259,"2":13733,"3":12323,"4":12323,"5":5133,"6":5133,"7":8562,"8":8562,"9":10089,"10":10089,"11":13439,"12":13439,"13":7856,"14":7856,"15":7856,"16":14940,"17":14940,"18":5976,"19":5976,"20":5976,"21":8797,"22":8797,"23":13851,"24":11970,"25":13851,"26":15261,"27":15261,"28":25708,"29":22313,"30":11735,"31":11735,"32":7480,"33":7480,"34":28539,"35":11265,"36":11265,"37":20197,"38":20197,"39":12665,"40":12665,"41":14673,"42":6211,"43":53043,"44":53043,"45":53043,"46":53043,"47":53043,"48":4835,"49":4835,"50":91651,"51":19845,"52":13145,"53":13145,"54":13145,"55":7269,"56":7269,"57":7269,"58":14086,"59":14086,"60":5036,"61":7856,"62":7856,"63":51473,"64":11970,"65":7739,"66":7739,"67":7856,"68":7856,"69":9972,"70":9972,"71":33112,"72":10795,"73":21138,"74":22782,"75":22782,"76":8327,"77":8327,"78":8209,"79":8209,"80":8209,"81":58160,"82":10667,"83":10912,"84":10912,"85":8797,"86":8797,"87":64266,"88":9312,"89":9312}}