,broj leta,tip aviona,destinacija,naziv aerodroma,polazak,trajanje leta,osnovna cena karte
0,360,AIRBUS A 320,Amsterdam, Schiphol,06:40:00,0 days 02:30:00,17259
1,364,AIRBUS A 319,Amsterdam, Schiphol,17:10:00,0 days 02:30:00,17259
2,808,AIRBUS A 319,Ankara,Esenboga Airport,00:30:00,0 days 01:55:00,13733
3,516,AIRBUS A 319,Atina,Elefterios Venizelos,00:45:00,0 days 01:30:00,12323
4,512,AIRBUS A 320,Atina,Elefterios Venizelos,12:25:00,0 days 01:30:00,12323
5,100,ATR 72-600,Banja Luka,Banja Luka,10:20:00,0 days 00:55:00,5133
6,104,ATR 72-600,Banja Luka,Banja Luka,17:00:00,0 days 00:55:00,5133
7,520,ATR 72-600,Bari,Paleze,07:15:00,0 days 01:40:00,8562
8,524,ATR 72-600,Bari,Paleze,18:10:00,0 days 01:40:00,8562
9,580,AIRBUS A 320,Barselona,Barselona,06:30:00,0 days 02:40:00,10089
10,584,AIRBUS A 320,Barselona,Barselona,17:10:00,0 days 02:40:00,10089
11,350,AIRBUS A 319,Berlin,Brandenburg Airport,07:10:00,0 days 01:55:00,13439
12,354,AIRBUS A 319,Berlin,Brandenburg Airport,18:05:00,0 days 01:55:00,13439
13,602,ATR 72-600,Beč,Schwechat,12:35:00,0 days 01:10:00,7856
14,604,ATR 72-600,Beč,Schwechat,18:35:00,0 days 01:10:00,7856
15,600,ATR 72-600,Beč,Schwechat,07:45:00,0 days 01:10:00,7856
16,300,AIRBUS A 319,Brisel,Brussels Airport,06:45:00,0 days 02:20:00,14940
17,304,AIRBUS A 320,Brisel,Brussels Airport,18:05:00,0 days 02:20:00,14940
18,150,ATR 72-600,Budimpešta,Ferenc Liszt,06:15:00,0 days 01:15:00,5976
19,152,ATR 72-600,Budimpešta,Ferenc Liszt,13:30:00,0 days 01:15:00,5976
20,154,ATR 72-600,Budimpešta,Ferenc Liszt,20:30:00,0 days 01:15:00,5976
21,146,ATR 72-600,Bukurešt,Henri Koanda,00:40:00,0 days 01:25:00,8797
22,142,AIRBUS A 319,Bukurešt,Henri Koanda,12:45:00,0 days 01:05:00,8797
23,374,AIRBUS A 320,Cirih,Zurich Airport,18:00:00,0 days 01:55:00,13851
24,242,ATR 72-600,Dubrovnik,Zračna luka Dubrovnik,13:20:00,0 days 01:10:00,11970
25,334,AIRBUS A 319,Frankfurt,Frankfurt Airport,17:30:00,0 days 02:05:00,13851
26,806,AIRBUS A 319,Istanbul,Istanbul Airport,00:40:00,0 days 01:40:00,15261
27,802,AIRBUS A 320,Istanbul,Istanbul Airport,13:10:00,0 days 01:40:00,15261
28,876,AIRBUS A 319,Kairo,Cairo Airport,23:20:00,0 days 02:55:00,25708
29,404,AIRBUS A 320,Kopenhagen,Kastrup,17:15:00,0 days 02:20:00,22313
30,636,ATR 72-600,Krakov,Jana Pawła II Kraków–Balice,06:30:00,0 days 02:00:00,11735
31,638,ATR 72-600,Krakov,Jana Pawła II Kraków–Balice,17:50:00,0 days 02:00:00,11735
32,886,AIRBUS A 319,Larnaka,Larnaca Airport,23:55:00,0 days 02:25:00,7480
33,882,AIRBUS A 320,Larnaka,Larnaca Airport,13:20:00,0 days 02:25:00,7480
34,490,AIRBUS A 320,Lisabon,Humberto Delgado,13:15:00,0 days 04:00:00,28539
35,190,ATR 72-600,Ljubljana,Jože Pučnik,07:30:00,0 days 01:25:00,11265
36,194,ATR 72-600,Ljubljana,Jože Pučnik,18:35:00,0 days 01:25:00,11265
37,380,AIRBUS A 319,London,Heathrow,10:25:00,0 days 03:05:00,20197
38,386,AIRBUS A 319,London,Heathrow,16:05:00,0 days 03:05:00,20197
39,572,AIRBUS A 320,Madrid,Madrid–Barajas,14:20:00,0 days 03:15:00,12665
40,570,AIRBUS A 320,Madrid,Madrid–Barajas,06:30:00,0 days 03:15:00,12665
41,576,AIRBUS A 319,Malaga,Malaga Airport,13:25:00,0 days 03:35:00,14673
42,540,AIRBUS A 319,Milano,Malpensa Airport,07:20:00,0 days 01:45:00,6211
43,650,AIRBUS A 319,Moskva,Sheremetyevo,06:00:00,0 days 03:10:00,53043
44,652,AIRBUS A 320,Moskva,Sheremetyevo,13:45:00,0 days 03:10:00,53043
45,654,AIRBUS A 319,Moskva,Sheremetyevo,21:45:00,0 days 03:10:00,53043
46,658,AIRBUS A 319,Moskva,Sheremetyevo,20:30:00,0 days 03:10:00,53043
47,656,AIRBUS A 320,Moskva,Sheremetyevo,22:10:00,0 days 03:10:00,53043
48,1106,AIRBUS A 319,Niš,Konstantin Veliki,00:40:00,0 days 00:40:00,4835
49,1104,ATR 72-600,Niš,Konstantin Veliki,17:00:00,0 days 00:55:00,4835
50,500,AIRBUS A 330-200,Njujork,John F. Kennedy,07:50:00,0 days 10:00:00,91651
51,454,AIRBUS A 319,Oslo,Gardermoen,17:20:00,0 days 02:55:00,19845
52,310,AIRBUS A 320,Pariz,Charles de Gaulle,06:40:00,0 days 02:35:00,13145
53,314,AIRBUS A 319,Pariz,Charles de Gaulle,17:05:00,0 days 02:35:00,13145
54,316,AIRBUS A 319,Pariz,Charles de Gaulle,18:30:00,0 days 02:35:00,13145
55,170,ATR 72-600,Podgorica,Podgorica,06:50:00,0 days 01:00:00,7269
56,172,AIRBUS A 320,Podgorica,Podgorica,13:45:00,0 days 00:50:00,7269
57,174,ATR 72-600,Podgorica,Podgorica,20:00:00,0 days 01:00:00,7269
58,614,ATR 72-600,Prag,Vaclav Havel,17:55:00,0 days 02:10:00,14086
59,610,ATR 72-600,Prag,Vaclav Havel,06:50:00,0 days 02:10:00,14086
60,534,AIRBUS A 320,Rim,Fiumicino,18:05:00,0 days 01:35:00,5036
61,624,ATR 72-600,Salcburg,Volfgang Amadeus Mocart,18:05:00,0 days 02:00:00,7856
62,620,ATR 72-600,Salcburg,Volfgang Amadeus Mocart,07:00:00,0 days 02:00:00,7856
63,674,AIRBUS A 319,Sankt Peterburg,Pulkovo,21:50:00,0 days 02:45:00,51473
64,112,ATR 72-600,Sarajevo,Butmir,13:35:00,0 days 00:50:00,11970
65,166,ATR 72-600,Skoplje,Skopje International Airport,00:45:00,0 days 01:10:00,7739
66,162,ATR 72-600,Skoplje,Skopje International Airport,13:25:00,0 days 01:10:00,7739
67,122,ATR 72-600,Sofija,Sofia Airport,13:30:00,0 days 01:10:00,7856
68,126,ATR 72-600,Sofija,Sofia Airport,00:40:00,0 days 01:10:00,7856
69,522,ATR 72-600,Solun,Makedonia,12:45:00,0 days 01:30:00,9972
70,526,ATR 72-600,Solun,Makedonia,00:40:00,0 days 01:30:00,9972
71,678,AIRBUS A 319,Soči,Sochi Airport,23:40:00,0 days 02:35:00,33112
72,252,ATR 72-600,Split,Split,13:20:00,0 days 01:15:00,10795
73,410,AIRBUS A 319,Stokholm,Arlanda,06:40:00,0 days 02:40:00,21138
74,812,AIRBUS A 319,Tel Aviv,Ben Gurion,13:30:00,0 days 02:50:00,22782
75,816,AIRBUS A 319,Tel Aviv,Ben Gurion,00:30:00,0 days 02:50:00,22782
76,212,ATR 72-600,Tirana,Nënë Tereza,13:20:00,0 days 01:15:00,8327
77,216,ATR 72-600,Tirana,Nënë Tereza,00:35:00,0 days 01:15:00,8327
78,180,ATR 72-600,Tivat,Tivat,10:10:00,0 days 01:05:00,8209
79,184,AIRBUS A 319,Tivat,Tivat,16:25:00,0 days 00:55:00,8209
80,182,ATR 72-600,Tivat,Tivat,13:40:00,0 days 01:05:00,8209
81,702,AIRBUS A 330-200,Tjenđin,Binhai,15:05:00,0 days 09:50:00,58160
82,136,ATR 72-600,Varna,Varna Airport,00:35:00,0 days 01:50:00,10667
83,560,ATR 72-600,Venecija,Marco Polo,07:05:00,0 days 01:55:00,10912
84,564,ATR 72-600,Venecija,Marco Polo,18:10:00,0 days 01:55:00,10912
85,230,ATR 72-600,Zagreb,Pleso,07:00:00,0 days 01:15:00,8797
86,234,ATR 72-600,Zagreb,Pleso,17:00:00,0 days 01:15:00,8797
87,506,AIRBUS A 330-200,Čikago,O'Hare Airport,17:50:00,0 days 10:30:00,64266
88,340,AIRBUS A 319,Štutgart,Stuttgart Airport,07:00:00,0 days 01:45:00,9312
89,344,AIRBUS A 319,Štutgart,Stuttgart Airport,18:20:00,0 days 01:45:00,9312
