,broj pasosa,ime i prezime,starost,drzavljanstvo,broj ranijih letova,kilometraza,popust,iskoriscen popust
0,NLD-1059506415,Elsbeth Aerts,40,Holandija,14,8068,0,True
1,NLD-7294546602,Sven Geurts,82,Holandija,2,2471,0,True
2,NLD-4683471354,Claudia Meester,43,Holandija,22,13787,5,False
3,NLD-9335583299,Sanne van Oorschot,70,Holandija,15,7708,0,True
4,NLD-4009792841,Lenny Beumer,62,Holandija,20,4338,0,True
5,TUR-5318891036,Cevahir Deveci,46,Turska,13,6640,0,True
6,TUR-5924970530,Evren Pınar,50,Turska,6,4555,0,True
7,TUR-9921961500,Şeyda Demir,36,Turska,9,16589,5,True
8,TUR-1478757683,Fatih Yerlikaya,72,Turska,12,21575,10,True
9,TUR-5753932227,Ganime Taylan,83,Turska,1,1698,0,True
10,TUR-6636127906,Fatma Kan,20,Turska,5,2596,0,True
11,TUR-6504955595,Ayşenur Ersoy,50,Turska,3,679,0,True
12,TUR-7292560027,Nermin Kaya,74,Turska,20,23626,10,True
13,TUR-4752621473,Gazal Çeçen,39,Turska,13,23431,10,True
14,TUR-2780730196,Temel Çeçen,14,Turska,19,7664,0,True
15,TUR-5055921159,Muazzez Özkan,63,Turska,24,13426,5,True
16,TUR-7038949121,Nezir Ayyildiz,24,Turska,16,4335,0,True
17,TUR-4069533895,Çağlar Ergin,50,Turska,23,24246,10,True
18,TUR-0107451639,Şuayip Demirel,36,Turska,13,18688,5,False
19,TUR-1690381262,Ümmühan Demirel,14,Turska,14,7466,0,True
20,TUR-7017972880,Yahya Balıkçı,24,Turska,12,8945,0,True
21,TUR-2287208039,Hacer Üstün,19,Turska,18,5173,0,True
22,TUR-2952553349,Musa Ataman,75,Turska,3,942,0,True
23,TUR-3944243608,Güven Bora,84,Turska,3,854,0,True
24,TUR-9432642645,Sara Gezgin,53,Turska,23,4835,0,True
25,TUR-3078843160,Cemalettin Onur,38,Turska,14,11281,5,False
26,TUR-4379119866,Ferhan Akbulut,46,Turska,20,11962,5,False
27,TUR-0697247978,Asli Uçan,66,Turska,11,6487,0,True
28,GRC-0227626993,Christoforo Stathis,30,Grčka,5,3181,0,True
29,GRC-9741218516,Elpida Matsoukas,56,Grčka,20,15535,5,True
30,GRC-3992393592,Galini Matsoukas,16,Grčka,19,10464,5,False
31,GRC-8320857187,Ilia Charalampidis,38,Grčka,23,12275,5,False
32,GRC-9845062151,Ifigeneia Charalampidis,14,Grčka,24,7372,0,True
33,GRC-6124618596,Fotoula Adamidis,62,Grčka,10,15946,5,True
34,GRC-9931576944,Vjollca Zafeiropoulou,28,Grčka,7,13478,5,True
35,GRC-0004649383,Krystallo Fotis,38,Grčka,2,791,0,True
36,GRC-0961948980,Triantafyl Gavriilidou,32,Grčka,10,23724,10,False
37,GRC-4110390336,Markos Kyriakidou,32,Grčka,16,10803,5,False
38,GRC-2824705044,Stamatina Sfakianakis,57,Grčka,15,17577,5,True
39,GRC-1274851919,Daniel Papadaki,26,Grčka,23,5218,0,True
40,GRC-6010612055,Roland Platis,75,Grčka,3,1819,0,True
41,GRC-0884560242,Polina Politis,63,Grčka,14,13560,5,False
42,GRC-3403915044,Martin Manoli,75,Grčka,3,622,0,True
43,GRC-4939381513,Ioulia Savvidou,61,Grčka,22,20253,10,True
44,GRC-7642724172,Ivan Poulios,23,Grčka,11,18912,5,True
45,GRC-5359454991,Koula Chousein,64,Grčka,21,17645,5,True
46,GRC-1236491157,Erasmia Dimas,66,Grčka,13,13341,5,True
47,GRC-5922852416,Grammatiki Nikolakopoulos,77,Grčka,5,2927,0,True
48,BIH-4901100447,Velja Valjevac,40,Bosna i Hercegovina,10,15852,5,True
49,BIH-1219938672,Jovan Valjevac,14,Bosna i Hercegovina,4,2386,5,True
50,BIH-7736265092,Petar Šestić,40,Bosna i Hercegovina,1,3964,0,True
51,BIH-1622312602,Mahir Karabegović,57,Bosna i Hercegovina,23,9207,0,True
52,BIH-8463781104,Almin Mustafić,55,Bosna i Hercegovina,17,10328,5,True
53,BIH-2982349185,Miralem Hodžić,49,Bosna i Hercegovina,19,23135,10,True
54,BIH-7456923267,Amela Osmančević,71,Bosna i Hercegovina,5,701,0,True
55,BIH-4032976490,Imran Kurtagić,43,Bosna i Hercegovina,25,9394,0,True
56,BIH-3264881898,Edina Ibrahimović,24,Bosna i Hercegovina,14,15083,5,True
57,BIH-2564801257,Ivo Šišić,64,Bosna i Hercegovina,14,20548,10,False
58,BIH-9107848082,Maida Kapetanović,20,Bosna i Hercegovina,18,21261,10,False
59,BIH-7772492432,Ahmed Đuliman,38,Bosna i Hercegovina,22,10561,5,True
60,BIH-8917606097,Maksim Kovačić,61,Bosna i Hercegovina,17,18073,5,True
61,BIH-9047411574,Edin Huseinbašić,19,Bosna i Hercegovina,9,5397,0,True
62,BIH-7781358249,Boris Husović,58,Bosna i Hercegovina,17,11843,5,True
63,BIH-3085415207,Amra Dizdarević,64,Bosna i Hercegovina,23,10759,5,False
64,BIH-3254786263,Sabina Zulić,40,Bosna i Hercegovina,17,15168,5,True
65,BIH-3015204496,Meho Osmančević,58,Bosna i Hercegovina,11,14316,5,True
66,BIH-1378629966,Samra Zahirović,60,Bosna i Hercegovina,22,15567,5,False
67,BIH-6110864748,Jasenko Dervišević,83,Bosna i Hercegovina,4,1354,0,True
68,BIH-0561798288,Lejla Vuković,37,Bosna i Hercegovina,3,3100,0,True
69,BIH-4932189156,Meho Delić,54,Bosna i Hercegovina,15,23453,10,True
70,BIH-3233399968,Ahmed Palić,19,Bosna i Hercegovina,23,15003,5,True
71,BIH-0168095321,Bajro Tahirović,78,Bosna i Hercegovina,4,1113,0,True
72,BIH-4145792064,Nemanja Čejvanović,56,Bosna i Hercegovina,14,6508,0,True
73,BIH-2608396136,Amela Bećirević,28,Bosna i Hercegovina,15,19880,5,True
74,BIH-6651188084,Nikola Hadžić,17,Bosna i Hercegovina,15,7341,0,True
75,BIH-6198996563,Mirela Begović,37,Bosna i Hercegovina,17,6623,0,True
76,BIH-4068582392,Emina Musić,42,Bosna i Hercegovina,8,6566,0,True
77,BIH-2894447226,Saida Dervišević,26,Bosna i Hercegovina,5,1674,0,True
78,BIH-3213942001,Milenko Bajić,56,Bosna i Hercegovina,18,20436,10,True
79,TUR-7297380700,Bahtiyar Sungur,41,Turska,27,20107,10,True
80,TUR-0766276773,Şeyma Onur,10,Turska,4,1811,5,False
81,TUR-7573726655,Nesibe Balaban,74,Turska,25,11923,5,True
82,BIH-6551090294,Dušanka Bajić,53,Bosna i Hercegovina,23,16073,5,True
83,BIH-5020378681,Ilija Medan,38,Bosna i Hercegovina,18,9286,0,True
84,BIH-8090836694,Emil Suljić,60,Bosna i Hercegovina,11,24260,10,True
85,BIH-0338847748,Raisa Čejvanović,21,Bosna i Hercegovina,24,19781,5,False
86,BIH-8367367640,Tarik Čengić,41,Bosna i Hercegovina,3,3867,0,True
87,BIH-0793374041,Siniša Zec,41,Bosna i Hercegovina,22,11010,5,True
88,BIH-0819787472,Džemal Plećo,44,Bosna i Hercegovina,15,10002,5,True
89,BIH-4198346013,Bajro Mekić,23,Bosna i Hercegovina,9,19321,5,False
90,BIH-2641763886,Elvira Zupčić,45,Bosna i Hercegovina,17,5700,0,True
91,BIH-2235767479,Eleonora Tomić,85,Bosna i Hercegovina,4,2096,0,True
92,BIH-5860917096,Amir Šljivo,17,Bosna i Hercegovina,9,10951,5,True
93,BIH-0771047542,Sanjin Kovačević,63,Bosna i Hercegovina,7,16557,5,False
94,BIH-1033771808,Nedeljko Uglješa,34,Bosna i Hercegovina,11,24612,10,True
95,BIH-2627053735,Ilija Arnautović,42,Bosna i Hercegovina,14,18768,5,True
96,BIH-2581212649,Sulejman Šehić,19,Bosna i Hercegovina,11,18632,5,False
97,BIH-9898386665,Senada Šehić,55,Bosna i Hercegovina,14,23608,10,True
98,BIH-0372201908,Nemanja Papić,20,Bosna i Hercegovina,12,6977,0,True
99,BIH-1281353431,Davor Pirić,81,Bosna i Hercegovina,3,3205,0,True
100,ITA-3620255585,Dino Manfredi,30,Italija,4,1188,0,True
101,ITA-5695933419,Marianna Bianchi,32,Italija,9,22026,10,False
102,ITA-9312077693,Olimpia di Marco,84,Italija,5,2450,0,True
103,ITA-2105456638,Rino Bartoli,43,Italija,20,6681,0,True
104,ITA-3902510073,Rosalia Ghezzi,35,Italija,9,10171,5,True
105,ITA-5643532866,Ornela Milano,17,Italija,5,5281,5,False
106,ITA-9028708581,Gustavo Milano,61,Italija,18,12143,5,True
107,ITA-4282933918,Elide Coccia,70,Italija,12,22222,10,True
108,ITA-8185388226,Antonina Monaco,67,Italija,16,10465,5,True
109,ITA-7307265625,Amalia Gargano,63,Italija,21,21820,10,False
110,ITA-3436701968,Tania Loi,65,Italija,22,21851,10,True
111,ITA-6842807472,Ermelinda Petrini,40,Italija,2,3739,0,True
112,ESP-6998870005,Hose Velazquez,47,Španija,10,8921,0,True
113,ESP-6477572938,Rafael de La Torre,51,Španija,24,24522,10,True
114,ESP-3193200836,Daniel Llanos,59,Španija,9,23392,10,True
115,ESP-5582358622,Maria-Magdalena Ocaña,40,Španija,6,17524,5,False
116,ESP-6106659958,Mihaela Lamas,50,Španija,5,2845,0,True
117,ESP-8145498806,Aurora Espejo,48,Španija,14,18656,5,True
118,ESP-6482204881,Magdalena Navarro,72,Španija,18,7187,0,True
119,ESP-2803227250,Juan-Pablo Planas,62,Španija,15,5465,0,True
120,ESP-2847314098,Mauro Echeverria,33,Španija,24,6145,0,True
121,DEU-8756667958,Enrico Hausmann,33,Nemačka,22,17756,5,False
122,DEU-1686112267,Sylvia Kühne,79,Nemačka,4,2933,0,True
123,DEU-6211061928,Gerhard Sievers,47,Nemačka,11,17789,5,True
124,DEU-0786468451,Hermann Anders,23,Nemačka,20,13883,5,False
125,DEU-8940477635,Uli Sieber,22,Nemačka,21,6839,0,True
126,DEU-0522760461,Martin Hellmann,25,Nemačka,4,3192,5,True
127,DEU-0286000448,Karin Bode,40,Nemačka,17,4744,0,True
128,DEU-1578789956,Kim Keller,34,Nemačka,21,7273,0,True
129,DEU-0343025108,Jörg Jäger,12,Nemačka,6,4113,0,True
130,DEU-4963894510,Ingeborg Jäger,39,Nemačka,13,13341,5,True
131,DEU-4706776918,Rosi Miller,37,Nemačka,17,6052,0,True
132,DEU-6864827707,Anika Fuchs,66,Nemačka,20,11956,5,True
133,DEU-4851187210,Marie Opitz,71,Nemačka,13,10873,5,True
134,DEU-4905455232,Hans-Martin Küster,63,Nemačka,4,3455,0,True
135,DEU-8806225039,Helma Hacker,58,Nemačka,24,4258,0,True
136,DEU-0420421156,Marco Graf,25,Nemačka,17,13002,5,False
137,DEU-3651662559,Berta Frey,25,Nemačka,17,17790,5,True
138,DEU-7603389422,Josefa Junge,48,Nemačka,15,22445,10,True
139,AUT-7429385668,Dirk Fiedler,22,Austrija,14,5618,0,True
140,AUT-8593407409,Ramona Tanzer,37,Austrija,3,3102,0,True
141,AUT-5774828379,Ottilie Burgstaller,72,Austrija,11,12845,5,True
142,AUT-5884539943,Edgar Zechmeister,41,Austrija,16,16644,5,False
143,AUT-2697099902,Edina Albrecht,72,Austrija,10,13864,5,False
144,AUT-1235966723,Csaba Hermann,30,Austrija,16,16128,5,False
145,AUT-5645070048,Thorsten Knapp,66,Austrija,18,11771,5,False
146,AUT-0126030759,Heinz Heinrich,50,Austrija,21,13906,5,False
147,AUT-8505002847,Carl Hämmerle,37,Austrija,19,21837,10,True
148,AUT-5361529884,Fatima Dorner,39,Austrija,4,2618,0,True
149,AUT-7123126924,Otto Thaler,74,Austrija,13,7054,0,True
150,AUT-0677645624,Wilfried Rainer,49,Austrija,16,15990,5,True
151,AUT-7729266623,Meinhard Zeilinger,24,Austrija,3,976,5,True
152,AUT-2828206509,Sabina Heinz,32,Austrija,2,3379,15,True
153,BEL-7304029851,Melanie Michiels,50,Belgija,17,13033,5,True
154,ITA-4545493219,Ernesta Manfredi,2,Italija,4,951,15,False
155,AUT-3807969578,Victoria Kaiser,65,Austrija,28,21447,10,True
156,BIH-8868190461,Milija Zec,9,Bosna i Hercegovina,5,539,5,False
157,DEU-6658941516,Igor Tillmann,45,Nemačka,27,20473,10,False
158,BIH-4916363979,Mina Šljivo,44,Bosna i Hercegovina,26,18391,5,True
159,ITA-5298832944,Giustino di Donato,46,Italija,29,22079,10,True
160,DEU-0831514653,Simon Konrad,59,Nemačka,26,15090,5,True
161,BEL-3099613655,Joke Van Campfort,75,Belgija,4,577,0,True
162,BEL-3730703580,Vincent Gordts,21,Belgija,2,2160,0,True
163,BEL-9646667788,Melina Windels,52,Belgija,14,9911,0,True
164,BEL-4165414977,Virginie Pieters,30,Belgija,7,4037,0,True
165,BEL-9428049775,Tijs Goossens,73,Belgija,19,8941,0,True
166,BEL-3715001493,Tobias Van De Velde,27,Belgija,2,1386,0,True
167,HUN-0025787125,Antal Tóth,29,Mađarska,6,21617,10,True
168,HUN-0518811321,Márió Barta,61,Mađarska,23,4971,0,True
169,HUN-4839752952,Bence Király,74,Mađarska,24,7738,0,True
170,HUN-4233199066,Adrián Jakab,13,Mađarska,5,3945,10,True
171,HUN-0862900906,Tibor Jakab,53,Mađarska,13,24240,10,False
172,HUN-5340276022,Lajos Orbán,47,Mađarska,13,15282,5,True
173,HUN-3023117214,Károly Kiss,42,Mađarska,18,20132,10,False
174,HUN-9085977684,Kornél Kozma,52,Mađarska,14,17094,5,True
175,HUN-4074969724,Krisztofer Bodnár,32,Mađarska,20,20554,10,True
176,HUN-5124903965,Pál Fekete,18,Mađarska,4,3831,0,True
177,HUN-4391467004,Árpád Németh,36,Mađarska,6,4923,0,True
178,HUN-8888185614,Mihály Bogdán,34,Mađarska,6,4145,0,True
179,HUN-2231328765,János Szilágyi,66,Mađarska,24,17448,5,False
180,HUN-9029659590,Vanda Dudás,17,Mađarska,1,1612,0,True
181,HUN-5853593207,Bettina Budai,75,Mađarska,1,1840,0,True
182,HUN-5416522872,Éva Budai,14,Mađarska,13,23142,10,True
183,HUN-0383173959,Regina Tóth,67,Mađarska,24,23200,10,True
184,HUN-4506520329,Annamária Papp,71,Mađarska,5,2179,0,True
185,HUN-6793846008,Anett László,32,Mađarska,18,12947,5,True
186,HUN-2771008138,Lilla Horváth,13,Mađarska,11,9587,0,True
187,HUN-8670524577,Viktória Horváth,43,Mađarska,17,12580,5,True
188,HUN-9418305260,Adrienn Péter,43,Mađarska,24,16811,5,True
189,HUN-3283553287,Tibor Szalai,80,Mađarska,4,2724,0,True
190,HUN-3580502988,Alexander Fazekas,50,Mađarska,18,21583,10,False
191,HUN-1547487238,Károly Bakos,71,Mađarska,1,1387,0,True
192,ROU-8678852548,Sanda Poénaru,56,Rumunija,23,6323,0,True
193,ROU-5616930102,Octav Ivașcu,12,Rumunija,5,4143,0,True
194,ROU-5618244665,Octavian Ivașcu,66,Rumunija,13,13520,5,True
195,ROU-6229029973,Teadora Teodorescu,71,Rumunija,11,22598,10,False
196,ROU-5471870500,Stefania Raducan,30,Rumunija,21,8624,0,True
197,ROU-6112230023,Damian Mocanu,74,Rumunija,18,6908,0,True
198,ROU-5154096526,Tania Lupescu,81,Rumunija,1,1811,0,True
199,ROU-0175917363,Bogdana Țepes,43,Rumunija,21,19151,5,False
200,ROU-1719619628,Gabriel Țepes,16,Rumunija,7,3766,0,False
201,ROU-4359943018,Alexandrin Cornea,83,Rumunija,2,2418,0,True
202,ROU-8146147380,Doina Gligor,31,Rumunija,17,18742,5,False
203,ROU-5961659270,Relia Negoitescu,18,Rumunija,17,13881,5,True
204,ROU-0539480034,Xenofon Cristea,55,Rumunija,14,21666,10,True
205,ROU-0973971295,Ilarie Niculescu,71,Rumunija,24,5175,0,True
206,ROU-8045812763,Gabi Miklos,78,Rumunija,1,2843,0,True
207,ROU-6153100906,Sebastian Diaconu,18,Rumunija,18,15071,5,False
208,CHE-7458905501,René Graf,54,Švajcarska,18,16542,5,True
209,CHE-6520092367,Zoé Graf,52,Švajcarska,10,4977,0,True
210,CHE-0177731005,Léa Baer,29,Švajcarska,20,19985,5,False
211,CHE-0434324041,Zara Herzog,20,Švajcarska,21,8234,0,True
212,CHE-6291654885,Heinz Fuchs,69,Švajcarska,1,3180,0,True
213,CHE-0970610124,Céline Brunner,62,Švajcarska,16,4617,0,True
214,CHE-6202264435,Zoé Rohrer,47,Švajcarska,7,23627,10,True
215,CHE-3929107667,Patrick Frischknecht,48,Švajcarska,14,22505,10,True
216,CHE-7216439318,Julian Luginbühl,74,Švajcarska,1,3196,0,True
217,CHE-8808423219,Simona Schönbächler,56,Švajcarska,19,17640,5,False
218,CHE-6300249552,Werner Schmid,30,Švajcarska,19,18692,5,False
219,CHE-4920353827,Simona Egli,67,Švajcarska,22,5678,0,True
220,HRV-7606729125,Nikola Kućan,31,Hrvatska,16,8403,0,True
221,HRV-1065550520,Marko Babić,16,Hrvatska,3,2272,0,True
222,HRV-7865126783,Krunoslav Babić,48,Hrvatska,19,6420,0,True
223,HRV-3316848088,Dragica Gašpar,55,Hrvatska,23,6617,0,True
224,HRV-7147454341,Pavao Djedović,62,Hrvatska,18,5827,0,True
225,HRV-6182872148,Zvonimir Radoš,36,Hrvatska,17,6969,0,True
226,HRV-2708695813,Fabijan Grgurić,63,Hrvatska,5,3521,0,True
227,HRV-1062768593,Jure Petravić,47,Hrvatska,13,8425,0,True
228,HRV-4650052602,Lana Perić,71,Hrvatska,17,21790,10,True
229,HRV-0925908111,Renato Jarak,77,Hrvatska,2,2897,0,True
230,HRV-5844907257,Miroslav Ivić,42,Hrvatska,2,756,0,True
231,HRV-4572625763,Davor Čačić,68,Hrvatska,16,17631,5,True
232,HRV-9361192807,Davor Marinović,53,Hrvatska,5,974,0,True
233,HRV-7246887977,Ana Ban,18,Hrvatska,4,2545,0,True
234,HRV-0700774150,Tara Jakovljević,68,Hrvatska,14,11583,5,True
235,HRV-3112887976,Bartul Hodak,12,Hrvatska,5,1207,0,True
236,HRV-5733188194,Sofija Hodak,37,Hrvatska,8,17626,5,False
237,HRV-2852035656,Nikolina Zubčić,54,Hrvatska,23,13068,5,True
238,HRV-7911139410,Adela Galić,73,Hrvatska,5,1789,0,True
239,HRV-4514656006,Grgur Krešić,31,Hrvatska,21,5567,0,True
240,ROU-6069418210,Ramona Nica,53,Rumunija,14,15240,5,True
241,HUN-3394887604,Brigitta László,8,Mađarska,3,2640,5,False
242,HRV-4953101434,Viktor Ožegović,38,Hrvatska,25,11761,5,False
243,HRV-4082539672,Borna Grgurić,24,Hrvatska,17,4503,0,True
244,HRV-6831061682,Maja Ostojić,20,Hrvatska,24,4646,0,True
245,HRV-5016854784,Anica Lovrić,29,Hrvatska,7,4398,0,True
246,HRV-3532305597,Branimir Šimunović,80,Hrvatska,3,3107,0,True
247,HRV-9123001645,Jure Blažević,35,Hrvatska,15,12689,5,True
248,HRV-3551432077,Zrinka Resan,61,Hrvatska,16,14516,5,True
249,HRV-4417991870,Emilija Vrdoljak,36,Hrvatska,20,18546,5,True
250,HRV-6813372131,Gordan Šiško,43,Hrvatska,5,734,0,True
251,HRV-9513893492,Duje Radić,46,Hrvatska,24,9682,0,True
252,HRV-3423575516,Renato Šimić,65,Hrvatska,15,20182,10,False
253,EGY-0945833135,Sabah Nabil,76,Egipat,5,760,0,True
254,EGY-0942568738,Nawal Rifaat,28,Egipat,2,3165,0,True
255,EGY-2362551721,Nasim Ebeid,72,Egipat,3,1247,0,True
256,DNK-7729428970,Lars Winther,39,Danska,18,20804,10,True
257,DNK-6908727056,Nawal Rifaat,34,Danska,6,5818,0,True
258,DNK-2382401952,Hannah Hartmann,35,Danska,10,9335,0,True
259,DNK-9702280737,Ulfred Rønnow,79,Danska,1,3025,0,True
260,DNK-9391019757,Niels Aagaard,40,Danska,12,5081,0,True
261,DNK-2025576774,Amalie Nørregaard,73,Danska,24,9870,0,True
262,POL-9942810317,Bartosz Maciejewski,29,Poljska,16,17437,5,True
263,POL-0899482017,Daria Głowacki,74,Poljska,11,7364,0,True
264,POL-4832275773,Zygfryd Głowacki,18,Poljska,4,4269,0,True
265,POL-3672735254,Xawier Duda,45,Poljska,1,3627,0,True
266,POL-0017439340,Radoslaw Romanowski,26,Poljska,5,5620,0,True
267,POL-9071611602,Danuta Cieślak,45,Poljska,24,10142,5,True
268,POL-9306142136,Justyna Lewandowski,33,Poljska,18,23395,10,False
269,POL-4321061585,Ludwik Lewandowski,13,Poljska,13,15466,5,False
270,POL-6598166937,Jerzy Wieczorek,65,Poljska,17,19384,5,False
271,POL-4364061344,Beata Górecki,38,Poljska,3,1227,0,True
272,POL-8838053502,Sylwia Krajewski,37,Poljska,23,5004,0,True
273,POL-5777312198,Marlena Dudek,41,Poljska,24,16829,5,False
274,POL-4860417069,Yuri Lis,48,Poljska,1,1047,0,True
275,POL-3987426827,Celina Wiśniewski,63,Poljska,20,19633,5,True
276,POL-3440496141,Czeslaw Borowski,45,Poljska,22,9060,0,True
277,POL-8594354062,Franciszek Kowalczyk,66,Poljska,2,2875,0,True
278,CYP-7170014794,Pagona Theophilou,20,Kipar,2,1412,5,True
279,CYP-6671006293,Themistoklis Gavriel,35,Kipar,18,22518,10,True
280,CYP-8054190690,Aphrodite Ioannou,74,Kipar,7,5084,0,True
281,CYP-9732181253,Charalambos Soteriou,28,Kipar,14,22241,10,True
282,CYP-2401796872,Iakovos Şahin,54,Kipar,19,19598,5,False
283,CYP-0726091919,Anthea Ertuğrul,25,Kipar,7,6606,0,True
284,CYP-3413161330,Olympia Tsiakkas,25,Kipar,8,14210,5,False
285,CYP-2568707940,Omiros Koullis,33,Kipar,5,2215,0,True
286,CYP-6177284809,Savvas Koullis,26,Kipar,3,1201,0,True
287,CYP-3538528829,Aris Papaioannou,35,Kipar,11,18034,5,False
288,CYP-6029868288,Vasiliki Kolokotronis,69,Kipar,20,22525,10,True
289,PRT-4018980753,Zé Batista,48,Portugal,17,19809,5,True
290,PRT-9426813232,Cristiano Ramos,24,Portugal,2,2937,5,True
291,SVN-2702786375,Jože Ogrin,39,Slovenija,2,3849,0,True
292,SVN-5992356163,Tara Ogrin,37,Slovenija,17,12289,5,True
293,SVN-6686173768,Vid Kovač,67,Slovenija,15,18079,5,False
294,SVN-8483374944,Frida Kos,27,Slovenija,11,19514,5,True
295,SVN-4562806218,Marjan Kovačič,41,Slovenija,1,3630,0,True
296,SVN-5420313261,Dunja Vidic,73,Slovenija,11,8041,0,True
297,SVN-3401096755,Jasmina Čeh,44,Slovenija,12,9307,0,True
298,SVN-6473260155,Cilka Hočevar,30,Slovenija,18,13598,5,True
299,SVN-9635578980,Gašper Šturm,79,Slovenija,2,3248,0,True
300,SVN-2456002834,Niko Kocjančič,25,Slovenija,2,2345,0,True
301,SVN-3804195369,Lija Petek,56,Slovenija,8,5279,0,True
302,SVN-4441243303,Niko Kokot,27,Slovenija,3,2681,5,True
303,SVN-0244440006,Rok Jenko,27,Slovenija,21,9511,0,True
304,SVN-0952815376,Rok Vodopivec,51,Slovenija,24,13808,5,True
305,SVN-7063627600,Damijan Lesjak,45,Slovenija,20,20634,10,True
306,SVN-3045722228,Romana Hribar,45,Slovenija,18,20357,10,False
307,SVN-7623867226,Sebastjan Žagar,45,Slovenija,8,9261,0,True
308,SVN-8797249935,Veronika Žagar,14,Slovenija,3,3020,0,True
309,SVN-6612185828,Bianka Potočnik,33,Slovenija,6,15903,5,True
310,SVN-0681784290,Bojan Križaj,62,Slovenija,8,10317,5,True
311,SVN-6632164971,Dušan Babič,24,Slovenija,19,15877,5,True
312,SVN-6915235849,Lana Kotnik,19,Slovenija,9,7887,0,True
313,SVN-6603570573,Dominik Klemenčič,75,Slovenija,1,2068,0,True
314,GBR-0178550043,Ronald  Burton,70,Veliga Britanija,12,20284,10,True
315,GBR-5276923757,Aidan Mills,30,Veliga Britanija,16,22447,10,False
316,GBR-4148800058,Mark  Clarke,22,Veliga Britanija,2,3101,0,True
317,GBR-1722462783,Esme Coleman,82,Veliga Britanija,1,1245,0,True
318,GBR-9825621487,George  Edwards,36,Veliga Britanija,9,24554,10,False
319,GBR-7264897979,Eliza Lloyd,25,Veliga Britanija,20,10206,5,True
320,GBR-4651994649,Scarlett Nicholson,19,Veliga Britanija,6,9692,0,True
321,SVN-2561845359,Vanesa Zupanc,42,Slovenija,27,20789,10,True
322,POL-0959147999,Szymon Zieliński,52,Poljska,30,22954,10,True
323,DNK-6526083798,Yuste Bendtsen,23,Danska,26,19359,5,True
324,HRV-6688120078,Tea Rakitić,46,Hrvatska,25,12713,5,False
325,SVN-3842776685,Marina Dolinar,29,Slovenija,25,14469,5,False
326,GBR-3815725645,Victor  Rogers,73,Veliga Britanija,3,3909,0,True
327,GBR-3414805486,Terence  Wilson,28,Veliga Britanija,20,20494,10,True
328,GBR-6327094711,Timothy  Gibson,56,Veliga Britanija,21,8852,0,True
329,GBR-5087358136,Sophie Hancock,69,Veliga Britanija,7,17012,5,True
330,GBR-4644979048,Elijah Simpson,35,Veliga Britanija,17,18797,5,False
331,GBR-1434787232,Roger  Cooke,67,Veliga Britanija,20,16193,5,False
332,GBR-7858740988,Timothy  Hall,62,Veliga Britanija,1,1119,0,True
333,GBR-7929382132,Evelyn Barnes,27,Veliga Britanija,10,12594,5,True
334,RUS-6351619666,Vanya Zaytsev,32,Rusija,17,19825,5,True
335,RUS-1468894819,Pavel Yakovlev,31,Rusija,5,2700,5,True
336,RUS-3502639120,Luka Sergeyev,33,Rusija,12,24881,10,True
337,RUS-2261423192,Yuri Gusev,25,Rusija,1,1570,5,True
338,RUS-7665847622,Lev Sorokin,23,Rusija,8,10125,5,True
339,RUS-4557510013,Oleg Romanov,29,Rusija,18,9458,0,True
340,RUS-5432670787,Nikifor Ivanov,62,Rusija,18,24667,10,False
341,RUS-9594186515,Yevgeny Krasnov,65,Rusija,24,17925,5,True
342,RUS-9822427816,Kazimir Andreev,68,Rusija,9,22315,10,False
343,RUS-6273654966,Rodion Kuzmin,31,Rusija,5,2802,5,True
344,RUS-0680695104,Bozhena Nazarova,42,Rusija,23,20155,10,False
345,RUS-8645466205,Zlata Vinogradova,41,Rusija,9,18275,5,True
346,RUS-1819875472,Alyona Mironova,79,Rusija,5,1495,0,True
347,RUS-5658846267,Oleg Gavrilov,73,Rusija,12,17593,5,True
348,RUS-3160502135,Lada Golovina,22,Rusija,3,2417,0,True
349,RUS-8957140042,Aleksei Kolosov,26,Rusija,12,10750,5,False
350,RUS-6544096236,Margarita Sergeyeva,26,Rusija,4,1986,0,True
351,RUS-7960534802,Ustinya Zaitseva,40,Rusija,9,24034,10,False
352,RUS-0621999087,Nazar Morozov,73,Rusija,8,23938,10,True
353,RUS-2248929008,Lyudmila Noskova,25,Rusija,16,16074,5,True
354,RUS-4703732954,Maks Korepanov,65,Rusija,21,19520,5,True
355,RUS-9844330034,Anzhelika Smirnova,40,Rusija,23,20937,10,True
356,RUS-3824220088,Agafiya Grigorieva,51,Rusija,1,706,0,True
357,RUS-6983775428,Grigori Titov,42,Rusija,20,23256,10,False
358,RUS-6977607773,Zinaida Grigorieva,36,Rusija,25,6931,0,True
359,RUS-9232463806,Anton Savitsky,63,Rusija,18,20871,10,True
360,RUS-4311745963,Tatiana Mironova,64,Rusija,19,21179,10,False
361,RUS-5559874788,Mariya Golubeva,33,Rusija,11,20978,10,True
362,RUS-6184332376,Vitaly Zakharov,53,Rusija,8,17313,5,True
363,RUS-5889027827,Zhenya Kozlova,28,Rusija,4,3110,0,True
364,RUS-7229552028,Nastasya Krasilnikova,26,Rusija,9,7680,0,True
365,RUS-5814204958,Dmitri Noskov,52,Rusija,19,13551,5,True
366,RUS-7904574294,Tamara Bazarova,55,Rusija,6,11564,5,True
367,RUS-2585315554,Semyon Kharitonov,21,Rusija,1,1722,0,True
368,RUS-9841767561,Valentin Mironov,79,Rusija,3,2846,0,True
369,RUS-6538507273,Veronika Petrova,85,Rusija,1,3453,0,True
370,RUS-2402772817,Taras Tikhonov,25,Rusija,5,1234,0,True
371,RUS-0330234930,Arkady Andreev,31,Rusija,24,16041,5,False
372,RUS-4440223714,Ulyana Nikolaev,31,Rusija,13,15201,5,True
373,USA-9862864343,Enzo Cruz,32,Sjedinjene Američke Države,21,7763,0,True
374,USA-5266146059,Malachi Cruz,25,Sjedinjene Američke Države,14,5571,0,True
375,USA-8076829686,Hugo Nelson,56,Sjedinjene Američke Države,15,14968,5,True
376,USA-0966232761,Caroline Wilson,61,Sjedinjene Američke Države,12,8711,0,True
377,USA-6721681619,Beckett Hall,76,Sjedinjene Američke Države,3,2949,0,True
378,USA-3845844448,Emily Perkins,20,Sjedinjene Američke Države,12,23975,10,False
379,USA-8637603835,Jonah Jackson,46,Sjedinjene Američke Države,1,3954,0,True
380,USA-4155603098,Damon Harvey,58,Sjedinjene Američke Države,3,2502,0,True
381,USA-9288830245,Clara Perez,74,Sjedinjene Američke Države,8,8090,0,True
382,USA-6854189962,Evan White,59,Sjedinjene Američke Države,1,3379,0,True
383,USA-0896817651,Griffin Matthews,29,Sjedinjene Američke Države,18,12175,5,True
384,NOR-1251206953,Johan Isaksen,57,Norveška,15,20791,10,True
385,NOR-4747876466,Vidar Søreide,28,Norveška,16,14312,5,True
386,NOR-8523692394,Runa Rasmussen,75,Norveška,3,2059,0,True
387,NOR-9407185543,Petter Ødegaard,82,Norveška,2,891,0,True
388,NOR-0411367846,Vilde Hansen,63,Norveška,22,20380,10,True
389,FRA-0043379095,Sébastien Robin,32,Francuska,19,15851,5,False
390,FRA-9542095695,Aurore Millet,83,Francuska,3,1749,0,True
391,FRA-3240478829,Monique Picard,46,Francuska,19,16207,5,False
392,FRA-4421179519,Michel Dufour,38,Francuska,9,12366,5,True
393,FRA-5911747613,Kévin Moreau,43,Francuska,10,11515,5,False
394,FRA-9582899204,Jérémie Girard,33,Francuska,12,8280,0,True
395,FRA-3012469731,Ugo Chevalier,68,Francuska,19,9901,0,True
396,MNE-5911513071,Jovan Vujović,67,Crna Gora,13,12820,5,True
397,MNE-2946342663,Obrad Knežević,32,Crna Gora,25,5023,0,True
398,MNE-9432472961,Veselin Sekulić,82,Crna Gora,3,1539,0,True
399,MNE-1625879163,Časlav Balaban,43,Crna Gora,8,11754,5,True
400,USA-3874382129,Hannah Bailey,29,Sjedinjene Američke Države,26,15576,5,True
401,GBR-8444076472,Mollie Evans,30,Veliga Britanija,30,22635,10,True
402,MNE-4484100153,Ostoja Lakićević,70,Crna Gora,26,17841,5,True
403,RUS-8942197075,Kirill Golovkin,70,Rusija,25,14714,5,True
404,MNE-8437281168,Filip Topalović,53,Crna Gora,9,16924,5,False
405,MNE-4864153618,Uglješa Zeković,74,Crna Gora,17,19776,5,True
406,MNE-6584827669,Sonja Čarapić,69,Crna Gora,21,8827,0,True
407,MNE-5692973940,Damjan Ašanin,66,Crna Gora,14,22785,10,True
408,MNE-9062575617,Nikola Grbović,34,Crna Gora,20,9409,0,True
409,MNE-7238893404,Ismet Topalović,76,Crna Gora,4,1727,0,True
410,MNE-1175470065,Suzana Grgurović,34,Crna Gora,12,20085,10,True
411,MNE-5834136997,Zlatko Nikčević,59,Crna Gora,14,11448,5,False
412,MNE-2221535140,Vuko Vujošević,16,Crna Gora,4,4295,0,False
413,MNE-8910626927,Nemanja Tomović,31,Crna Gora,14,24607,10,False
414,MNE-0590595676,Branko Jakšić,60,Crna Gora,16,21000,10,False
415,MNE-4996603560,Slađana Lakić,74,Crna Gora,2,1983,0,True
416,MNE-0988806585,Gordana Čanović,73,Crna Gora,4,3743,0,True
417,MNE-7470243911,Lara Simović,84,Crna Gora,12,3033,0,True
418,MNE-6913400132,Dijana Ilić,51,Crna Gora,20,23727,10,True
419,MNE-9365675269,Tatjana Čađenović,44,Crna Gora,13,5425,0,True
420,MNE-8804016946,Ferid Bakić,77,Crna Gora,3,1908,0,True
421,MNE-6040628665,Mirjana Ivanović,47,Crna Gora,13,6404,0,True
422,MNE-0356419749,Vlastimir Ćetković,57,Crna Gora,24,21153,10,True
423,MNE-7095652949,Miomir Urošević,68,Crna Gora,1,2194,0,True
424,MNE-2327645417,Anica Abazović,71,Crna Gora,7,23228,10,False
425,MNE-5105728426,Martina Zekonjić,28,Crna Gora,3,688,0,True
426,MNE-7786340777,Nataša Ajduković,48,Crna Gora,6,18791,5,True
427,MNE-2394000700,Darko Pavićević,71,Crna Gora,20,11061,5,True
428,MNE-4149466918,Milica Kosović,33,Crna Gora,24,11770,5,True
429,MNE-8239837213,Rajko Jugović,39,Crna Gora,5,2134,0,True
430,MNE-4660398238,Biljana Filipović,24,Crna Gora,2,3320,0,True
431,CZE-2196080281,Kazimir Sedláček,84,Češka,2,3257,0,True
432,CZE-3316514989,Benedikt Blažková,67,Češka,25,9514,0,True
433,CZE-1334580369,Yaromil Kolman,59,Češka,18,13896,5,False
434,CZE-2358586993,Marcela Martinec,66,Češka,9,22362,10,False
435,CZE-8083469608,Jan Šimáček,55,Češka,1,1165,0,True
436,CZE-5639416603,Karel Kováč,24,Češka,10,23222,10,False
437,CZE-8932658747,Ulrich Macháček,70,Češka,22,14788,5,True
438,CZE-6555657664,Benedikt Čížek,71,Češka,24,10082,5,True
439,CZE-3198950464,Helena Černý,37,Češka,16,15438,5,False
440,CZE-5837096738,Oldrich Černý,12,Češka,3,984,0,True
441,CZE-3505118701,Adam Hoffmann,23,Češka,10,17521,5,False
442,CZE-0962404703,Františka Horák,49,Češka,20,12749,5,False
443,CZE-3704377957,Jitka Matoušek,25,Češka,21,14469,5,False
444,MKD-3583229963,Cvetko Vasilevski,28,Severna Makedonija,19,20048,10,False
445,MKD-4979971973,Venko Pandev,72,Severna Makedonija,9,12070,5,True
446,MKD-7804842004,Pelagija Dimitrov,57,Severna Makedonija,6,21216,10,True
447,MKD-1290838866,Vasko Pandev,45,Severna Makedonija,9,6705,0,True
448,MKD-4055219216,Zorica Gligorov,49,Severna Makedonija,1,2032,0,True
449,MKD-4730741807,Cvetomir Kostov,52,Severna Makedonija,7,13530,5,False
450,MKD-6862432427,Jasmina Petkov,66,Severna Makedonija,7,5375,0,True
451,MKD-1757276063,Svetozar Vasilevski,59,Severna Makedonija,13,6907,0,True
452,MKD-0392890214,Elizaveta Toševski,20,Severna Makedonija,24,20997,10,False
453,MKD-3650605321,Ostoja Serafimov,49,Severna Makedonija,10,21326,10,False
454,MKD-0621539462,Aco Talevski,77,Severna Makedonija,5,3412,0,True
455,MKD-8659038938,Gorazd Bogdanov,28,Severna Makedonija,4,1911,0,True
456,MKD-2041773377,Emanuel Gavrilov,55,Severna Makedonija,15,24996,10,True
457,MKD-2018023371,Kristijana Joševski,34,Severna Makedonija,3,2197,0,True
458,MKD-4230652093,Vangel Boškovski,37,Severna Makedonija,13,9590,0,True
459,MKD-1460466356,Hristijan Petrov,62,Severna Makedonija,1,2440,0,True
460,MKD-5529216189,Kiril Andreev,68,Severna Makedonija,19,18287,5,True
461,MKD-8017444465,Borjana Velkovski,67,Severna Makedonija,22,16380,5,True
462,MKD-0206737296,Petar Trajkovski,43,Severna Makedonija,6,18197,5,False
463,MKD-8731876765,Slobodan Kosovski,65,Severna Makedonija,13,11291,5,False
464,MKD-4741688774,Nikolče Vasilevski,39,Severna Makedonija,18,9827,0,True
465,MKD-0762717189,Todor Mančev,20,Severna Makedonija,22,5023,0,True
466,MKD-2413005457,Amelia Apostolovski,26,Severna Makedonija,15,18491,5,True
467,MKD-5080680094,Stefka Sokolov,27,Severna Makedonija,10,7443,0,True
468,MKD-3138932085,Petar Mladenov,37,Severna Makedonija,23,21964,10,True
469,MKD-7653356178,Živadin Nikolov,65,Severna Makedonija,13,23617,10,True
470,MKD-0258227161,Ana Trajkovski,33,Severna Makedonija,24,9099,0,True
471,BGR-1046217862,Yosif Eftimov,70,Bugarska,24,13123,5,False
472,BGR-1586369700,Ognyan Antonov,71,Bugarska,14,9492,0,True
473,BGR-9928772309,Lazar Gergov,61,Bugarska,23,4292,0,True
474,BGR-7063884074,Sava Panayotov,23,Bugarska,13,7503,0,True
475,BGR-6026722847,Spas Mladenov,53,Bugarska,15,23650,10,False
476,BGR-2276662778,Anton Vasilev,37,Bugarska,19,22198,10,False
477,MNE-0010461353,Bojan Vujošević,43,Crna Gora,24,14993,5,True
478,BGR-3752740853,Simeon Vasilev,14,Bugarska,3,1589,0,True
479,BGR-5175538423,Bozhidara Vasilev,14,Bugarska,3,1589,0,False
480,BGR-1256755779,Lyubomir Vasilev,12,Bugarska,3,1589,0,True
481,BGR-6473688176,Hristo Bozhkov,83,Bugarska,4,1878,0,True
482,BGR-3447285791,Momchil Dobre,63,Bugarska,13,12811,5,True
483,BGR-0613349985,Boryana Georgiev,41,Bugarska,11,12289,5,False
484,BGR-0113544477,Ognian Angelov,22,Bugarska,15,13922,5,False
485,BGR-9079377836,Desislava Filipov,22,Bugarska,17,15997,5,True
486,BGR-3958774322,Darina Petrov,58,Bugarska,16,9920,0,True
487,BGR-1739448479,Borys Vladimirov,14,Bugarska,7,6329,0,True
488,BGR-8864032041,Valentin Mladenov,32,Bugarska,16,15880,5,True
489,BGR-1303189714,Cvetana Valentinov,18,Bugarska,11,15072,5,True
490,BGR-9776199703,Bogomil Kirilov,84,Bugarska,2,1723,0,True
491,BGR-8294628471,Nikola Milanov,70,Bugarska,13,16811,5,False
492,BGR-2083733784,Теа Lyubomirov,59,Bugarska,24,14404,5,True
493,BGR-3302556728,Yordanka Lyubenov,36,Bugarska,11,9509,0,True
494,SWE-0645164424,Linus Petersson,70,Švedska,23,7759,0,True
495,SWE-6455624145,Nils Strömquist,26,Švedska,5,1888,0,True
496,SWE-1193690762,David Göransson,26,Švedska,6,10209,5,False
497,SWE-1385923197,Yngve Göransson,51,Švedska,3,2970,0,True
498,SWE-7481750588,Ronny Lundin,78,Švedska,4,2590,0,True
499,SWE-0472320986,Therese Ekholm,28,Švedska,13,16786,5,True
500,SWE-6258179603,Edda Bergström,34,Švedska,17,12906,5,False
501,SWE-9406225520,Karl Bengtsson,68,Švedska,22,14540,5,True
502,SWE-3489716757,Marcus Sandström,66,Švedska,23,22328,10,False
503,SWE-6930220206,Greta Holmström,26,Švedska,4,2545,0,True
504,SWE-7787222482,Gustav Strömquist,46,Švedska,13,11393,5,True
505,ISR-9459082531,Avi Eshkol,57,Izrael,19,6602,0,True
506,ISR-3707744210,Lavan Berlinger,48,Izrael,6,21047,10,True
507,ISR-2664076737,Karmina Bamberger,27,Izrael,7,17790,5,False
508,ISR-4054951137,Jonatan Meir,52,Izrael,14,5751,0,True
509,ISR-6910453734,Gian Starkman,21,Izrael,3,2490,0,True
510,ISR-3849300961,Ahron Wirth,50,Izrael,12,14442,5,True
511,ISR-2442115866,Masha Zahavy,43,Izrael,3,1230,0,True
512,ISR-4302687430,Aya Segalowitch,51,Izrael,19,23300,10,True
513,ISR-2631459965,Lemuel Berkovic,64,Izrael,25,9421,0,True
514,ISR-9923787606,Izaak Livshin,59,Izrael,1,1479,0,True
515,ISR-6311701509,Riva Rabin,35,Izrael,19,15892,5,True
516,ISR-2645573031,Simeon Shub,66,Izrael,7,14420,5,True
517,ISR-3881562711,Aviel Gertler,27,Izrael,3,1742,0,True
518,ISR-5342042464,Shoshana Sayar,34,Izrael,11,24804,10,False
519,ISR-8802831169,Izaak Har-Zahav,31,Izrael,2,1249,0,True
520,ALB-8030547924,Jetmir Krasniqi,68,Albanija,18,15260,5,True
521,ALB-0941015168,Leka Maliqi,65,Albanija,7,16923,5,False
522,ALB-5455183976,Bajram Rama,58,Albanija,8,14111,5,True
523,ALB-9504770733,Dorina Lushta,44,Albanija,15,21951,10,False
524,ALB-4002834468,Behar Kadriu,23,Albanija,2,1715,0,True
525,ALB-4189625610,Rezart Ukshini,44,Albanija,3,3293,0,True
526,ALB-3638970713,Anda Makolli,35,Albanija,8,22998,10,True
527,ALB-7489296981,Agim Shaqiri,56,Albanija,19,15971,5,True
528,ALB-9068481092,Rilind Sadiku,64,Albanija,14,20085,10,True
529,ALB-9015922102,Besart Xhaka,24,Albanija,2,1297,0,True
530,ALB-1054784352,Flamur Daci,40,Albanija,22,9727,0,True
531,ALB-1003900705,Arber Zogaj,46,Albanija,12,6641,0,True
532,ALB-5792659592,Erion Kuçi,36,Albanija,24,21286,10,False
533,ALB-0359303900,Perparim Zogaj,27,Albanija,9,22473,10,True
534,ALB-4971126818,Besin Ukaj,82,Albanija,4,2583,0,True
535,ALB-6827043988,Ylli Rrustemi,53,Albanija,9,13250,5,False
536,ALB-6908809134,Ardit Mehmeti,71,Albanija,11,4464,0,True
537,ALB-0713532897,Kushtim Zani,64,Albanija,4,2025,0,True
538,ALB-1829146132,Ferid Ramadani,34,Albanija,22,15659,5,False
539,ALB-1207849035,Eduart Shabani,30,Albanija,12,12545,5,False
540,ALB-7995844247,Bekim Berxholli,36,Albanija,1,807,0,True
541,ALB-3371067590,Valdrin Duka,27,Albanija,13,15642,5,False
542,ALB-3694374073,Bashkim Brahimi,56,Albanija,22,21901,10,True
543,ALB-2156104211,Ditmer Shkodra,21,Albanija,10,22943,10,False
544,ALB-6248623597,Aida Zeqiri,30,Albanija,5,3934,0,True
545,CHN-9132449782,Ham Luo,33,Kina,5,1337,0,True
546,CHN-4074624248,Yun Sun,76,Kina,5,1969,0,True
547,CHN-4090587113,Jun Zhou,67,Kina,12,11159,5,True
548,CHN-6369911588,Lam Niu,67,Kina,18,17234,5,False
549,CHN-3702194320,Ugu Luo,34,Kina,9,6385,0,True
550,CHN-7582116623,Lan Peng,34,Kina,9,9247,0,True
551,CHN-7704303124,Jia Cao,36,Kina,16,23320,10,True
552,CHN-0642852309,Hue Han,21,Kina,2,4148,0,True
553,CHN-3486045038,An Sun,79,Kina,3,3651,0,True
554,CHN-7540934906,Huo Zhu,32,Kina,6,24449,10,False
555,CHN-7657959355,Tsao Cheng,22,Kina,19,9522,0,True
556,CHN-0241510293,Huang Zhong,68,Kina,18,12716,5,True
557,CHN-8899400855,Yu Lee,50,Kina,14,20411,10,True
558,CHN-3996924427,Shan Fu,61,Kina,18,20420,10,True
559,CHN-6602061249,Ian Tian,26,Kina,15,24872,10,True
560,CHN-2123789610,Chang Xie,34,Kina,2,2505,0,True
561,CHN-8181868870,Kai Ma,35,Kina,10,4404,0,True
562,CHN-8396814344,Hue Wei,37,Kina,8,5554,0,True
563,CHN-5116165649,Xiao Ma,22,Kina,12,23231,10,True
564,CHN-7524196439,Ling Qian,73,Kina,13,15296,5,False
565,ISR-6672677502,Anat Mayer,28,Izrael,29,22074,10,False
566,ALB-3685868271,Bekim Shkurti,69,Albanija,25,13006,5,True
567,CHN-9323808354,Hai Xu,60,Kina,1,3847,0,True
568,CHN-7006827829,Bo Lai,81,Kina,3,2185,0,True
569,CHN-2632159673,Jiang Ma,18,Kina,2,4237,5,True
570,CHN-9117484777,Kun Tan,21,Kina,18,15059,5,False
571,CHN-2970712775,Zhen Gao,25,Kina,24,12489,5,False
572,CHN-0644675150,Rui Yue,66,Kina,24,13019,5,False
573,CHN-2023562420,Zong Yi,29,Kina,11,21084,10,False
574,CHN-8682375152,Li Huang,32,Kina,13,9501,0,True
575,SRB-2168236994,Milivoj Mladenović,70,Srbija,10,7528,0,True
576,SRB-5197584906,Dragan Marinković,20,Srbija,4,1779,0,True
577,SRB-7193444220,Biljana Lukić,23,Srbija,9,23000,10,True
578,SRB-5697335333,Vuk Gajić,35,Srbija,11,7147,0,True
579,SRB-4713388820,Anica Lazić,50,Srbija,5,2864,0,True
580,SRB-4872224476,Darko Vuković,41,Srbija,17,7216,0,True
581,SRB-5187610258,Magdalena Lukić,31,Srbija,5,1575,0,True
582,SRB-6517732950,Petar Pavić,58,Srbija,10,10597,5,True
583,SRB-4998286506,Ignjat Pantić,55,Srbija,17,8804,0,True
584,SRB-7837474598,Lana Mladenović,26,Srbija,8,18856,5,True
585,SRB-4628370091,Gabrijela Milić,59,Srbija,12,24433,10,True
586,SRB-1471612823,Milica Milovanović,27,Srbija,1,3610,0,True
587,SRB-1302971508,Marina Todorović,68,Srbija,12,12452,5,False
588,SRB-3086337950,Zdravko Gavrilović,80,Srbija,4,1416,0,True
589,SRB-4871151068,Dijana Ristić,56,Srbija,8,18214,5,False
590,SRB-7377675071,Natalija Tomović,24,Srbija,5,1842,0,True
591,SRB-0758796720,Aleksej Marković,37,Srbija,15,16502,5,False
592,SRB-8181007711,Novak Vukadinović,73,Srbija,4,2788,0,True
593,SRB-2475723637,Branimir Petrović,40,Srbija,22,11105,5,True
594,SRB-1174332008,Jelena Petrović,14,Srbija,8,7387,0,True
595,SRB-3998753642,Miroslava Savić,17,Srbija,17,21949,10,True
596,SRB-0938517817,Petar Ivanović,55,Srbija,8,21369,10,True
597,SRB-1952015470,Snežana Rakić,23,Srbija,3,1430,0,True
598,BIH-2728918356,Emira Bećirević,1,Bosna i Hercegovina,2,3313,15,False
599,DEU-8111974401,Karl Anders,1,Nemačka,5,2754,15,False
600,ROU-5073314077,Mihail Gligor,1,Rumunija,1,1109,15,False
601,GRC-1882357552,Anargyros Stathis,8,Grčka,5,1107,5,False
602,BIH-8575152343,Samra Karabegović,10,Bosna i Hercegovina,3,2879,5,False
603,ITA-3808392450,Loreto Bianchi,6,Italija,1,2498,5,False
604,ITA-1208298093,Ines Petrini,10,Italija,2,2451,5,False
605,ESP-1022249657,Alvaro Echeverria,9,Španija,3,1009,5,False
606,DEU-9091170507,Ulrich Miller,7,Nemačka,5,2294,5,False
607,AUT-4567985225,Alice Heinz,9,Austrija,4,903,5,False
608,AUT-7281966892,Nikola Heinz,11,Austrija,4,2478,5,False
609,HUN-5485637981,Kata László,7,Mađarska,2,1602,5,False
610,ROU-7411143467,Natalia Diaconu,3,Rumunija,5,2850,5,False
611,HRV-4724266577,Jure Krešić,5,Hrvatska,2,1829,5,False
612,HRV-2558219577,Tomislav Krešić,3,Hrvatska,1,2674,5,False
613,HRV-7055423425,Nina Radić,9,Hrvatska,2,3051,5,False
614,EGY-4427047728,Ximen Rifaat,4,Egipat,1,1428,5,False
615,DNK-2102675802,Alma Xander,11,Danska,4,3273,5,False
616,SVN-0079935755,Alojz Hočevar,4,Slovenija,2,941,5,False
617,SVN-3992273577,Rok Potočnik,7,Slovenija,3,1457,5,False
618,GBR-6837773810,Abbie Wilson,9,Veliga Britanija,1,2485,5,False
619,GBR-2739890095,Mark  Wilson,11,Veliga Britanija,1,2370,5,False
620,GBR-3666071725,Isabel Evans,11,Veliga Britanija,1,1302,5,False
621,RUS-1402706365,Roman Zaytsev,3,Rusija,2,1374,5,False
622,RUS-5842365592,Pavel Titov,5,Rusija,1,2331,5,False
623,USA-3081148299,Jordan Cruz,11,Sjedinjene Američke Države,2,2366,5,False
624,FRA-1133594165,Gaëlle Girard,7,Francuska,2,1048,5,False
625,MNE-2761265559,Ruža Bajčeta,6,Crna Gora,5,1720,5,False
626,MNE-9072466204,Irena Grbović,3,Crna Gora,1,708,5,False
627,MNE-8296817073,Petar Vujošević,11,Crna Gora,1,1113,5,False
628,MNE-5613485612,Jovan Simović,7,Crna Gora,2,900,5,False
629,MNE-0862402361,Vuk Čađenović,11,Crna Gora,2,2559,5,False
630,MKD-0952512046,Dobri Vasilevski,6,Severna Makedonija,2,1736,5,False
631,MKD-5289746715,Magdalena Boškovski,10,Severna Makedonija,1,1345,5,False
632,MKD-7787249810,Jordan Boškovski,11,Severna Makedonija,2,2255,5,False
633,MKD-7211018859,Ratko Mladenov,3,Severna Makedonija,4,2706,5,False
634,BGR-0725263913,Stoyan Vasilev,3,Bugarska,1,595,5,False
635,SRB-2996317286,Uroš Petrović,10,Srbija,2,2056,5,False
636,SRB-9865423173,Vida Marinković,63,Srbija,11,17953,5,True
637,SRB-9925701999,Bojana Milošević,75,Srbija,3,769,0,True
638,SRB-9767864609,Tadija Milenković,29,Srbija,19,23098,10,True
639,SRB-8731292907,Zlata Đorđević,44,Srbija,9,21532,10,True
640,SRB-8380049546,Vukosava Milosavljević,36,Srbija,12,17618,5,False
641,SRB-2817825667,Slobodanka Janković,43,Srbija,6,11533,5,True
642,SRB-7076476365,Amela Kovačević,72,Srbija,5,2459,0,True
643,SRB-3887257332,Dražen Maksimović,51,Srbija,2,3133,0,True
644,SRB-9513469330,Nenad Milošević,39,Srbija,12,16783,5,True
645,SRB-3727432474,Miloš Ivanović,34,Srbija,20,11866,5,True
646,SRB-1421763881,Miloš Stojanović,35,Srbija,15,19658,5,True
647,SRB-1544062404,Danilo Stojanović,10,Srbija,3,2030,5,True
648,SRB-2896766118,Katarina Stojanović,5,Srbija,1,1180,5,True
649,SRB-6204112766,Andrija Nedeljković,36,Srbija,13,19209,5,True
650,SRB-1068119703,Pavle Nedeljković,5,Srbija,5,1116,5,True
651,SRB-1603626049,Mira Marjanović,62,Srbija,4,3033,0,True
652,SRB-5552746976,Vasilije Petković,66,Srbija,20,5783,0,True
653,SRB-2996103041,Biljana Stanković,58,Srbija,12,23197,10,True
654,SRB-0950301159,Dragan Kršić,55,Srbija,5,2687,0,True
655,SRB-1419957693,Ivica Nikolić,36,Srbija,19,10502,5,False
656,SRB-9160376076,Luka Petković,23,Srbija,17,13489,5,False
657,SRB-2018931089,Sara Vukadinović,38,Srbija,20,18194,5,False
658,SRB-5290691601,Matija Mitić,26,Srbija,19,13085,5,False
659,SRB-9965135954,Dragana Stefanović,83,Srbija,2,2176,0,True
660,SRB-5281869399,Nikola Veličković,69,Srbija,12,9953,0,True
661,SRB-8140287574,Mihailo Radojičić,65,Srbija,16,19935,5,True
662,SRB-6932384707,Nada Mijatović,67,Srbija,18,17256,5,True
663,SRB-1362559491,Đorđe Pavlović,70,Srbija,12,24540,10,False
664,SRB-4719553919,Radoslav Ristić,25,Srbija,2,3824,0,True
665,SRB-4209298143,Srđan Živković,24,Srbija,5,1878,0,True
666,SRB-2800212703,Ilija Janković,84,Srbija,3,903,0,True
667,SRB-5678376859,Stefan Stefanović,33,Srbija,19,9606,0,True
668,SRB-5586714848,Vladimir Lazarević,43,Srbija,24,15672,5,True
669,SRB-2476899065,Tihomir Ilić,47,Srbija,4,1142,0,True
670,SRB-6792008936,Radivoje Nenadović,35,Srbija,18,15483,5,False
671,SRB-7067146012,Lola Nenadović,32,Srbija,12,22002,10,True
672,SRB-7961221747,Mitar Nenadović,1,Srbija,1,632,15,True
673,SRB-4385870778,Dara Živković,37,Srbija,22,10230,5,True
674,SRB-6594986381,Zorana Luković,68,Srbija,19,13791,5,True
675,SRB-0508247655,Mara Mitrović,74,Srbija,17,24544,10,False
676,SRB-0873692320,Branislava Maksimović,24,Srbija,18,5719,0,True
677,SRB-5413268849,Bogdan Marković,65,Srbija,14,13727,5,True
678,SRB-6566440526,Branislava Grujić,25,Srbija,12,21973,10,False
679,SRB-1802185551,Jelena Pavlović,62,Srbija,25,5651,0,True
680,SRB-8395484340,Vladana Simić,49,Srbija,13,18729,5,True
681,SRB-0705510291,Marina Kovačević,26,Srbija,15,23126,10,True
682,SRB-0937676142,Vlasta Velisavljević,94,Srbija,2,1302,0,True
683,SRB-5826249111,Goran Mirković,41,Srbija,15,27530,10,True
684,SRB-5746911529,Svetlana Mirković,37,Srbija,9,23282,10,True
685,SRB-4600555292,Velimir Gajić,59,Srbija,3,2045,0,True
686,SRB-9572753724,Miloš Aleksić,49,Srbija,16,15915,5,False
687,SRB-2707845258,Aleksandra Matić,59,Srbija,7,15264,5,False
688,SRB-6427208062,Petar Obradović,62,Srbija,13,23179,10,True
689,SRB-8565898532,Marijana Vasić,52,Srbija,22,19803,5,True
690,SRB-2324811687,Jovan Pavlović,27,Srbija,2,1259,0,True
691,SRB-1187776223,Predrag Nikolić,31,Srbija,16,21028,10,True
692,SRB-6679844754,Vid Gavrilović,59,Srbija,4,1289,0,True
693,SRB-3125823735,Kosta Todorović,36,Srbija,12,6885,0,True
694,SRB-5974313227,Svetlana Milić,81,Srbija,5,952,0,True
695,SRB-1229501784,Isidora Ristić,34,Srbija,1,3274,0,True
696,SRB-6282580400,Branimir Vasić,47,Srbija,12,13967,5,True
697,SRB-6841731942,Tatjana Živanović,55,Srbija,7,9197,0,True
698,SRB-7554245119,Ognjen Đorđević,54,Srbija,14,15278,5,False
699,SRB-8819163811,Vladana Janjić,56,Srbija,12,9237,0,True
700,SRB-4020839027,Tadija Cvijanović,59,Srbija,6,17895,5,True
701,SRB-0078216876,Strahinja Stević,67,Srbija,0,0,0,True
702,SRB-1284348873,Bosiljka Leković,77,Srbija,0,0,0,True
703,USA-5553196793,Stan Lee,83,Sjedinjene Američke Države,0,0,0,True
704,MNE-0254777832,Stojan Krstajić,32,Crna Gora,0,0,0,True
705,MKD-0025763477,Nina Stojanovska,57,Severna Makedonija,0,0,0,True
