,destinacija,naziv aerodroma,polazak,trajanje leta,osnovna cena karte
0,Amsterdam, Schiphol,06:40:00,0 days 02:30:00,17259
1,Amsterdam, Schiphol,17:10:00,0 days 02:30:00,17259
2,Ankara,Esenboga Airport,00:30:00,0 days 01:55:00,13733
3,Atina,Elefterios Venizelos,00:45:00,0 days 01:30:00,12323
4,Atina,Elefterios Venizelos,12:25:00,0 days 01:30:00,12323
5,Banja Luka,Banja Luka,10:20:00,0 days 00:55:00,5133
6,Banja Luka,Banja Luka,17:00:00,0 days 00:55:00,5133
7,Bari,Paleze,07:15:00,0 days 01:40:00,8562
8,Bari,Paleze,18:10:00,0 days 01:40:00,8562
10,Barselona,Barselona,17:10:00,0 days 02:40:00,10089
9,Barselona,Barselona,06:30:00,0 days 02:40:00,10089
11,Berlin,Brandenburg Airport,07:10:00,0 days 01:55:00,13439
12,Berlin,Brandenburg Airport,18:05:00,0 days 01:55:00,13439
13,Beč,Schwechat,12:35:00,0 days 01:10:00,7856
14,Beč,Schwechat,18:35:00,0 days 01:10:00,7856
15,Beč,Schwechat,07:45:00,0 days 01:10:00,7856
16,Brisel,Brussels Airport,06:45:00,0 days 02:20:00,14940
17,Brisel,Brussels Airport,18:05:00,0 days 02:20:00,14940
19,Budimpešta,Ferenc Liszt,13:30:00,0 days 01:15:00,5976
18,Budimpešta,Ferenc Liszt,06:15:00,0 days 01:15:00,5976
20,Budimpešta,Ferenc Liszt,20:30:00,0 days 01:15:00,5976
22,Bukurešt,Henri Koanda,12:45:00,0 days 01:05:00,8797
21,Bukurešt,Henri Koanda,00:40:00,0 days 01:25:00,8797
23,Cirih,Zurich Airport,18:00:00,0 days 01:55:00,13851
24,Dubrovnik,Zračna luka Dubrovnik,13:20:00,0 days 01:10:00,11970
25,Frankfurt,Frankfurt Airport,17:30:00,0 days 02:05:00,13851
26,Istanbul,Istanbul Airport,00:40:00,0 days 01:40:00,15261
27,Istanbul,Istanbul Airport,13:10:00,0 days 01:40:00,15261
28,Kairo,Cairo Airport,23:20:00,0 days 02:55:00,25708
29,Kopenhagen,Kastrup,17:15:00,0 days 02:20:00,22313
30,Krakov,Jana Pawła II Kraków–Balice,06:30:00,0 days 02:00:00,11735
31,Krakov,Jana Pawła II Kraków–Balice,17:50:00,0 days 02:00:00,11735
33,Larnaka,Larnaca Airport,13:20:00,0 days 02:25:00,7480
32,Larnaka,Larnaca Airport,23:55:00,0 days 02:25:00,7480
34,Lisabon,Humberto Delgado,13:15:00,0 days 04:00:00,28539
35,Ljubljana,Jože Pučnik,07:30:00,0 days 01:25:00,11265
36,Ljubljana,Jože Pučnik,18:35:00,0 days 01:25:00,11265
37,London,Heathrow,10:25:00,0 days 03:05:00,20197
38,London,Heathrow,16:05:00,0 days 03:05:00,20197
39,Madrid,Madrid–Barajas,14:20:00,0 days 03:15:00,12665
40,Madrid,Madrid–Barajas,06:30:00,0 days 03:15:00,12665
41,Malaga,Malaga Airport,13:25:00,0 days 03:35:00,14673
42,Milano,Malpensa Airport,07:20:00,0 days 01:45:00,6211
47,Moskva,Sheremetyevo,22:10:00,0 days 03:10:00,53043
46,Moskva,Sheremetyevo,20:30:00,0 days 03:10:00,53043
44,Moskva,Sheremetyevo,13:45:00,0 days 03:10:00,53043
45,Moskva,Sheremetyevo,21:45:00,0 days 03:10:00,53043
43,Moskva,Sheremetyevo,06:00:00,0 days 03:10:00,53043
48,Niš,Konstantin Veliki,00:40:00,0 days 00:40:00,4835
49,Niš,Konstantin Veliki,17:00:00,0 days 00:55:00,4835
50,Njujork,John F. Kennedy,07:50:00,0 days 10:00:00,91651
51,Oslo,Gardermoen,17:20:00,0 days 02:55:00,19845
52,Pariz,Charles de Gaulle,06:40:00,0 days 02:35:00,13145
53,Pariz,Charles de Gaulle,17:05:00,0 days 02:35:00,13145
54,Pariz,Charles de Gaulle,18:30:00,0 days 02:35:00,13145
57,Podgorica,Podgorica,20:00:00,0 days 01:00:00,7269
56,Podgorica,Podgorica,13:45:00,0 days 00:50:00,7269
55,Podgorica,Podgorica,06:50:00,0 days 01:00:00,7269
58,Prag,Vaclav Havel,17:55:00,0 days 02:10:00,14086
59,Prag,Vaclav Havel,06:50:00,0 days 02:10:00,14086
60,Rim,Fiumicino,18:05:00,0 days 01:35:00,5036
61,Salcburg,Volfgang Amadeus Mocart,18:05:00,0 days 02:00:00,7856
62,Salcburg,Volfgang Amadeus Mocart,07:00:00,0 days 02:00:00,7856
63,Sankt Peterburg,Pulkovo,21:50:00,0 days 02:45:00,51473
64,Sarajevo,Butmir,13:35:00,0 days 00:50:00,11970
65,Skoplje,Skopje International Airport,00:45:00,0 days 01:10:00,7739
66,Skoplje,Skopje International Airport,13:25:00,0 days 01:10:00,7739
68,Sofija,Sofia Airport,00:40:00,0 days 01:10:00,7856
67,Sofija,Sofia Airport,13:30:00,0 days 01:10:00,7856
69,Solun,Makedonia,12:45:00,0 days 01:30:00,9972
70,Solun,Makedonia,00:40:00,0 days 01:30:00,9972
71,Soči,Sochi Airport,23:40:00,0 days 02:35:00,33112
72,Split,Split,13:20:00,0 days 01:15:00,10795
73,Stokholm,Arlanda,06:40:00,0 days 02:40:00,21138
74,Tel Aviv,Ben Gurion,13:30:00,0 days 02:50:00,22782
75,Tel Aviv,Ben Gurion,00:30:00,0 days 02:50:00,22782
76,Tirana,Nënë Tereza,13:20:00,0 days 01:15:00,8327
77,Tirana,Nënë Tereza,00:35:00,0 days 01:15:00,8327
80,Tivat,Tivat,13:40:00,0 days 01:05:00,8209
78,Tivat,Tivat,10:10:00,0 days 01:05:00,8209
79,Tivat,Tivat,16:25:00,0 days 00:55:00,8209
81,Tjenđin,Binhai,15:05:00,0 days 09:50:00,58160
82,Varna,Varna Airport,00:35:00,0 days 01:50:00,10667
83,Venecija,Marco Polo,07:05:00,0 days 01:55:00,10912
84,Venecija,Marco Polo,18:10:00,0 days 01:55:00,10912
86,Zagreb,Pleso,17:00:00,0 days 01:15:00,8797
85,Zagreb,Pleso,07:00:00,0 days 01:15:00,8797
87,Čikago,O'Hare Airport,17:50:00,0 days 10:30:00,64266
88,Štutgart,Stuttgart Airport,07:00:00,0 days 01:45:00,9312
89,Štutgart,Stuttgart Airport,18:20:00,0 days 01:45:00,9312
